


/*Data for the table `sys_config` */

insert  into `sys_config`(`param`,`value`) values ('SVN_URL','http://10.1.198.188/svn/products'),('SVN_USERNAME','liuyan8'),('SVN_PASSWORD','2APOsHisrgrZ4xXv+zWCng=='),('SONAR_URL','http://10.1.198.198:9000'),('ZBOX_DBIP','10.1.198.90'),('ZBOX_DBPORT','3316'),('ZBOX_DBUSER','root'),('ZBOX_DBPASSWORD','KZ2mK0HlaMnBzlJUDcDzzw=='),('JIRA_DBIP','10.21.17.179'),('JIRA_DBPORT','3306'),('JIRA_DBUSER','jiraR'),('JIRA_DBPASSWORD','K+RZcjnoVXLzMxcXkpYVLg=='),('ZBOX_DBNAME','zentao'),('JIRA_DBNAME','jira');



/*Data for the table `sys_permission` */

insert  into `sys_permission`(`id`,`permission_id`,`name`,`description`,`url`,`perms`,`parent_id`,`type`,`order_num`,`icon`,`status`,`create_time`,`update_time`) values (1,'1','工作台','工作台','/workdest','workdest',0,1,1,'fa fa-home',1,'2017-09-27 21:22:02','2018-02-27 10:53:14'),(2,'2','系统管理','权限管理',NULL,NULL,0,0,7,'fa fa-th-list',1,'2017-07-13 15:04:42','2019-07-03 16:33:31'),(3,'201','用户管理','用户管理','/users','users',2,1,1,'fa fa-circle-o',1,'2017-07-13 15:05:47','2018-02-27 10:53:14'),(4,'20101','列表查询','用户列表查询','/user/list','user:list',3,2,0,NULL,1,'2017-07-13 15:09:24','2017-10-09 05:38:29'),(5,'20102','新增','新增用户','/user/add','user:add',3,2,0,NULL,1,'2017-07-13 15:06:50','2018-02-28 17:58:46'),(6,'20103','编辑','编辑用户','/user/edit','user:edit',3,2,0,NULL,1,'2017-07-13 15:08:03','2018-02-27 10:53:14'),(7,'20104','删除','删除用户','/user/delete','user:delete',3,2,0,NULL,1,'2017-07-13 15:08:42','2018-02-27 10:53:14'),(8,'20105','批量删除','批量删除用户','/user/batch/delete','user:batchDelete',3,2,0,'',1,'2018-07-11 01:53:09','2018-07-11 01:53:09'),(9,'20106','分配角色','分配角色','/user/assign/role','user:assignRole',3,2,0,NULL,1,'2017-07-13 15:09:24','2017-10-09 05:38:29'),(10,'202','角色管理','角色管理','/roles','roles',2,1,2,'fa fa-circle-o',1,'2017-07-17 14:39:09','2018-02-27 10:53:14'),(11,'20201','列表查询','角色列表查询','/role/list','role:list',10,2,0,NULL,1,'2017-10-10 15:31:36','2018-02-27 10:53:14'),(12,'20202','新增','新增角色','/role/add','role:add',10,2,0,NULL,1,'2017-07-17 14:39:46','2018-02-27 10:53:14'),(13,'20203','编辑','编辑角色','/role/edit','role:edit',10,2,0,NULL,1,'2017-07-17 14:40:15','2018-02-27 10:53:14'),(14,'20204','删除','删除角色','/role/delete','role:delete',10,2,0,NULL,1,'2017-07-17 14:40:57','2018-02-27 10:53:14'),(15,'20205','批量删除','批量删除角色','/role/batch/delete','role:batchDelete',10,2,0,'',1,'2018-07-10 22:20:43','2018-07-10 22:20:43'),(16,'20206','分配权限','分配权限','/role/assign/permission','role:assignPerms',10,2,0,NULL,1,'2017-09-26 07:33:05','2018-02-27 10:53:14'),(17,'203','资源管理','资源管理','/permissions','permissions',2,1,3,'fa fa-circle-o',1,'2017-09-26 07:33:51','2018-02-27 10:53:14'),(18,'20301','列表查询','资源列表','/permission/list','permission:list',17,2,0,NULL,1,'2018-07-12 16:25:28','2018-07-12 16:25:33'),(19,'20302','新增','新增资源','/permission/add','permission:add',17,2,0,NULL,1,'2017-09-26 08:06:58','2018-02-27 10:53:14'),(20,'20303','编辑','编辑资源','/permission/edit','permission:edit',17,2,0,NULL,1,'2017-09-27 21:29:04','2018-02-27 10:53:14'),(21,'20304','删除','删除资源','/permission/delete','permission:delete',17,2,0,NULL,1,'2017-09-27 21:29:50','2018-02-27 10:53:14'),(22,'3','运维管理','运维管理',NULL,NULL,0,0,8,'fa fa-th-list',1,'2018-07-06 15:19:26','2019-07-03 16:34:05'),(23,'301','数据监控','数据监控','/database/monitoring','database',22,1,9,'fa fa-circle-o',1,'2018-07-06 15:19:55','2019-07-30 15:16:34'),(24,'4','系统工具','系统工具',NULL,NULL,0,0,9,'fa fa-th-list',2,'2018-07-06 15:20:38','2019-07-03 16:33:55'),(25,'401','图标工具','图标工具','/icons','icons',24,1,1,'fa fa-circle-o',2,'2018-07-06 15:21:00','2019-07-09 17:20:26'),(28,'1000000884924014','在线用户','在线用户','/online/users','onlineUsers',2,1,4,'fa fa-circle-o',1,'2018-07-18 21:00:38','2018-07-19 12:47:42'),(29,'1000000433323073','在线用户查询','在线用户查询','/online/user/list','onlineUser:list',28,2,0,NULL,1,'2018-07-18 21:01:25','2018-07-19 12:48:04'),(30,'1000000903407910','踢出用户','踢出用户','/online/user/kickout','onlineUser:kickout',28,2,0,NULL,1,'2018-07-18 21:41:54','2018-07-19 12:48:25'),(31,'1000000851815490','批量踢出','批量踢出','/online/user/batch/kickout','onlineUser:batchKickout',28,2,0,'',1,'2018-07-19 12:49:30','2018-07-19 12:49:30'),(32,'1000001790256583','项目管理','项目管理',NULL,NULL,0,0,2,'fa fa-th-list',1,'2019-07-03 09:47:13','2019-07-08 15:50:20'),(33,'1000000671362171','项目报表','项目报表','/charts','charts',32,1,1,'fa fa-circle-o',1,'2019-07-03 10:02:52','2019-07-16 14:42:07'),(34,'1000000117052479','报表分析','报表分析','','',0,0,3,'fa fa-th-list',1,'2019-07-03 16:33:19','2019-07-03 16:33:19'),(35,'1000001372217763','查看项目报表','查看项目报表','#','report',34,1,1,'fa fa-circle-o',1,'2019-07-03 16:35:04','2019-07-03 16:36:24'),(36,'1000001393063579','查看用户报表','查看用户报表','#','report',34,1,2,'fa fa-circle-o',1,'2019-07-03 16:36:59','2019-07-03 16:36:59'),(37,'1000001354262483','列表查看','列表查看','/project/list','project:list',43,2,0,'',1,'2019-07-08 15:52:13','2019-07-08 15:52:13'),(38,'1000001492888765','新增','项目新增','/project/add','project:add',43,2,0,'',1,'2019-07-08 15:52:57','2019-07-08 15:52:57'),(39,'1000000511564280','编辑','项目编辑','/project/edit','project:edit',43,2,0,'',1,'2019-07-08 15:53:41','2019-07-08 15:53:41'),(40,'1000001818818867','删除','删除项目','/project/delete','project:delete',43,2,0,'',1,'2019-07-08 15:54:23','2019-07-08 15:54:23'),(41,'1000000156222652','扫描','扫描项目','/project/scan','project:scan',43,2,0,'',1,'2019-07-08 16:27:24','2019-07-08 16:27:24'),(42,'1000001825189196','查看人员','查看人员','/project/view','project:view',43,2,0,'',1,'2019-07-09 09:49:19','2019-07-09 09:49:19'),(43,'1000000015926810','子项目维护','子项目列表维护','/projects','projects',32,1,4,'fa fa-circle-o',1,'2019-07-09 17:04:38','2019-08-05 13:54:24'),(44,'1000000869332852','用户报表','用户报表','/user-report','user-report',32,1,2,'fa fa-circle-o',1,'2019-07-09 17:07:18','2019-07-16 11:01:08'),(45,'1000001003366112','项目组管理','项目组管理','/groups','groups',32,1,3,'fa fa-circle-o',1,'2019-07-30 15:17:56','2019-08-05 13:54:10'),(46,'1000001334929753','列表查看','列表查看','/project/listGroup','project:listGroup',45,2,0,'',1,'2019-07-30 15:20:26','2019-07-30 15:20:26'),(47,'1000001145184152','新增','项目组新增','/project/addGroup','project:addGroup',45,2,0,'',1,'2019-07-30 15:21:31','2019-07-30 15:21:31'),(48,'1000001602844038','编辑','项目组编辑','/project/editGroup','project:editGroup',45,2,0,'',1,'2019-07-30 15:31:11','2019-07-30 15:31:11'),(49,'1000000259533655','删除','项目组删除','/project/deleteGroup','project:deleteGroup',45,2,0,'',1,'2019-07-30 15:31:47','2019-07-30 15:31:47'),(50,'1000001663116228','扫描','项目组扫描','/project/scanGroup','project:scanGroup',45,2,0,'',1,'2019-07-30 15:33:03','2019-07-30 15:33:03');


/*Data for the table `sys_role` */

insert  into `sys_role`(`id`,`role_id`,`name`,`description`,`status`,`create_time`,`update_time`) values (1,'1','超级管理员','超级管理员',1,'2017-06-28 20:30:05','2017-06-28 20:30:10'),(2,'2','管理员','管理员',1,'2017-06-30 23:35:19','2017-10-11 09:32:33'),(3,'3','普通用户','普通用户',1,'2017-06-30 23:35:44','2018-07-13 11:44:06'),(4,'4','数据库管理员','数据库管理员',1,'2017-07-12 11:50:22','2017-10-09 17:38:02'),(12,'1000000956634602','开发人员','开发人员',1,'2019-07-03 16:37:45',NULL),(13,'1000001574347692','测试人员','测试人员',1,'2019-07-03 16:38:19',NULL);


/*Data for the table `sys_role_permission` */

insert  into `sys_role_permission`(`id`,`role_id`,`permission_id`) values (877,'3','2'),(878,'3','201'),(879,'3','20101'),(880,'3','20102'),(881,'3','20103'),(882,'3','20104'),(883,'3','20105'),(884,'3','20106'),(885,'3','202'),(886,'3','20201'),(887,'3','20202'),(888,'3','20203'),(889,'3','20204'),(890,'3','20205'),(891,'3','20206'),(1017,'1000000956634602','1000001790256583'),(1018,'1000000956634602','1000000671362171'),(1019,'1000000956634602','1000000117052479'),(1020,'1000000956634602','1000001372217763'),(1021,'1000000956634602','1000001393063579'),(1022,'1000001574347692','1'),(1023,'1000001574347692','1000001790256583'),(1024,'1000001574347692','1000000671362171'),(1025,'1000001574347692','1000000117052479'),(1026,'1000001574347692','1000001372217763'),(1027,'1000001574347692','1000001393063579'),(1028,'1000001574347692','3'),(1029,'1000001574347692','301'),(1516,'1','1'),(1517,'1','1000001790256583'),(1518,'1','1000000671362171'),(1519,'1','1000001003366112'),(1520,'1','1000001334929753'),(1521,'1','1000001145184152'),(1522,'1','1000001602844038'),(1523,'1','1000000259533655'),(1524,'1','1000001663116228'),(1525,'1','1000000015926810'),(1526,'1','1000001354262483'),(1527,'1','1000001492888765'),(1528,'1','1000000511564280'),(1529,'1','1000001818818867'),(1530,'1','1000000156222652'),(1531,'1','1000001825189196'),(1532,'1','1000000869332852'),(1533,'1','1000000117052479'),(1534,'1','1000001372217763'),(1535,'1','1000001393063579'),(1536,'1','2'),(1537,'1','201'),(1538,'1','20101'),(1539,'1','20102'),(1540,'1','20103'),(1541,'1','20104'),(1542,'1','20105'),(1543,'1','20106'),(1544,'1','202'),(1545,'1','20201'),(1546,'1','20202'),(1547,'1','20203'),(1548,'1','20204'),(1549,'1','20205'),(1550,'1','20206'),(1551,'1','203'),(1552,'1','20301'),(1553,'1','20302'),(1554,'1','20303'),(1555,'1','20304'),(1556,'1','1000000884924014'),(1557,'1','1000000433323073'),(1558,'1','1000000903407910'),(1559,'1','1000000851815490'),(1560,'1','3'),(1561,'1','301');


/*Data for the table `sys_user_role` */

insert  into `sys_user_role`(`id`,`user_id`,`role_id`) values (2,'1000000196760966','1'),(3,'1','1');

/*Data for the table `sys_userinfo` */

insert  into `sys_userinfo`(`id`,`user_id`,`username`,`nt`,`realname`,`password`,`department`,`salt`,`email`,`phone`,`sex`,`age`,`status`,`create_time`,`update_time`,`last_login_time`) values (1,'1','admin',NULL,'管理员','872359cc44c637cc73b7cd55c06d95e4',NULL,'8cd50474d2a3c1e88298e91df8bf6f1c','523179414@qq.com','187888899991',1,99,1,'2018-05-23 21:22:06','2019-07-04 16:35:46','2019-08-05 11:33:24'),(6,'1000000196760966','glzpcw@163.com',NULL,'glz','b9f59ad769933cdca917bb7af27c0dc5',NULL,'a16c5a1cbcd77f7b94bd8d3f94b753db',NULL,NULL,NULL,NULL,1,'2019-07-03 10:14:07','2019-07-03 10:14:07','2019-07-03 10:15:09'),(7,'1000001888608677','yangzz8',NULL,'杨振泽','8965f1ac00f2b97e7717b2bd526ba6f5',NULL,'ed89a82407eec343883ab8545518f6bc','','',0,NULL,1,'2019-07-04 14:22:12','2019-07-04 14:22:12','2019-07-04 14:22:12');


